ACETAMINOPHEN\CODEINE PHOSPHATE,143643,26
CYCLOSPORINE,143643,791
ERGOCALCIFEROL,143643,153
VALPROATE,143643,10
KETOROLAC TROMETHAMINE,143643,28
AMLODIPINE MESYLATE,143643,721
DIETARY SUPPLEMENT\HERBALS,143643,261
ARAVA,143643,1408
RISPERDAL M-TAB,143643,4
SINGULAIR,143643,159
TOPIRAMATE,143643,490
ROSUVASTATIN,143643,445
NAPROXEN,143643,94
GABAPENTIN,143643,97
DICLOFENAC DIETHYLAMINE,143643,148
BETAHISTINE,143643,89
PRADAXA,143643,11
PREDNISONE,143643,2790
MAGNESIUM CITRATE,143643,113
METFORMIN HYDROCHLORIDE,143643,37
DICLOFENAC SODIUM,143643,902
CYANOCOBALAMIN,143643,83
HYDROXYCHLOROQUINE SULFATE,143643,1402
TYLENOL,143643,69
CANDESARTAN,143643,170
COMBIVENT,143643,17
BENADRYL,143643,3
AMLODIPINE,143643,1729
FOSAMAX,143643,1171
CEFTRIAXONE,143643,29
DOCETAXEL,143643,82
BENZOCAINE (BENZOCAINE),143643,63
RITUXIMAB,143643,3005
BUPROPION,143643,182
UNSPECIFIED INGREDIENT,143643,1330
GOLIMUMAB,143643,272
BETAMETHASONE,143643,103
ACETAMINOPHEN,143643,2359
XYREM,143643,315
CETIRIZINE HYDROCHLORIDE,143643,1212
XOLAIR,143643,8077
VITAMIN D,143643,142
CELECOXIB,143643,571
CYTARABINE,143643,327
TOCILIZUMAB,143643,331
RIVOTRIL,143643,27
PREDNISOLONE,143643,99
PHTHALYLSULFATHIAZOLE,143643,1087
OMEGA 3,143643,17
NAPROXEN SODIUM,143643,311
RANITIDINE,143643,208
ACTEMRA,143643,11271
PHENOBARBITAL,143643,39
HYDROXYCHLOROQUINE DIPHOSPHATE,143643,23
MYRBETRIQ,143643,199
OPANA,143643,28
ZOPICLONE,143643,82
DICLOFENAC POTASSIUM,143643,451
ORENCIA,143643,1567
MAGNESIUM OXIDE,143643,73
REMICADE,143643,1493
VITAMIN D3,143643,294
TIMOLOL,143643,45
CALCIUM GLUBIONATE,143643,148
IXAZOMIB,143643,81
CORTISONE ACETATE,143643,690
LUNESTA,143643,29
HUMIRA,143643,1609
ERENUMAB,143643,199
ALBUTEROL SULFATE,143643,364
UBIDECARENONE,143643,63
LEVOFLOXACIN,143643,303
SERTRALINE,143643,89
GOLD SODIUM THIOMALATE,143643,323
HYDROCORTISONE,143643,134
PANTOPRAZOLE MAGNESIUM,143643,57
ALENDRONIC ACID,143643,193
WELLBUTRIN,143643,69
VANCOMYCIN,143643,106
RAMIPRIL,143643,572
CERTOLIZUMAB PEGOL,143643,493
CALCIUM CARBONATE,143643,170
HEPARIN,143643,42
SPIRIVA,143643,375
BERINERT,143643,100
PREDNISONE ACETATE,143643,298
METHOTREXATE SODIUM,143643,2502
DIETARY SUPPLEMENT,143643,31
ELIQUIS,143643,17
OXYCODONE TEREPHTHALATE,143643,100
NORVASC,143643,71
COSENTYX,143643,384
LEVOTHYROXINE,143643,862
CYCLOBENZAPRINE,143643,2651
INVOKANA,143643,42
BUDESONIDE,143643,85
TOPICORT,143643,125
IBUPROFEN,143643,428
CYPROHEPTADINE,143643,19
PULMICORT TURBUHALER,143643,19
POLYSORBATE 40,143643,74
DOCONEXENT,143643,63
MELOXICAM,143643,29
XELJANZ,143643,1718
POTASSIUM CHLORIDE,143643,17
ENBREL,143643,1842
MYOCHRYSINE,143643,133
DIPYRIDAMOLE,143643,512
CETIRIZINE HYDROCHLORIDE AND PSEUDOEPHEDRINE HYDROCHLORIDE,143643,1288
VITAMIN B12,143643,74
DEPAKOTE ER,143643,29
LORATADINE,143643,62
ZOFRAN,143643,4
CHOLECALCIFEROL,143643,147
PHENYLEPHRINE HYDROCHLORIDE,143643,245
BENADRYL (SINGAPORE),143643,6
LAMICTAL,143643,695
RISEDRONATE SODIUM,143643,345
PLAQUENIL,143643,733
METHYLPREDNISOLONE ACETATE,143643,15
ESOMEPRAZOLE MAGNESIUM,143643,80
OXAZEPAM,143643,651
ESOMEPRAZOLE,143643,74
CRANBERRY JUICE,143643,26
PANTOPRAZOLE,143643,380
DROTAVERINE,143643,25
NYSTATIN,143643,103
PERIOGARD,143643,187
HYDROXYZINE,143643,29
CHLOROQUINE PHOSPHATE,143643,75
SACCHARATED IRON OXIDE,143643,67
APREMILAST,143643,247
FINACEA,143643,100
GLIFAGE,143643,34
"HAIR, SKIN + NAILS [BIOTIN]",143643,23
CYCLOPHOSPHAMIDE,143643,500
GENTAMICIN,143643,15
EMEND,143643,63
CELEBREX,143643,171
ASPIRIN,143643,841
MIANSERIN HYDROCHLORIDE,143643,27
INFLUENZA VIRUS VACCINE,143643,60
VITAMIN E,143643,77
Acetophen,143643,67
MALIC ACID PLUS,143643,14
VORICONAZOLE,143643,182
NIFEDIPINE,143643,36
Fibre soluble,143643,26
TELMISARTAN,143643,67
CLIOQUINOL\FLUMETHASONE,143643,199
SIMVASTATIN,143643,149
TRAMADOL,143643,74
CALCIUM GLUCONATE,143643,100
METFORMIN,143643,175
TIOTROPIUM BROMIDE,143643,293
FOLIC ACID,143643,2214
DETURGYLONE,143643,27
TRETINOIN,143643,49
OXYCODONE,143643,272
LEVOFLOXACIN HEMIHYDRATE,143643,49
LUTETIUM CHLORIDE LU-177,143643,55
HYDROXYCHLOROQUINE,143643,2911
AMOXICILLIN\CLAVULANIC ACID,143643,52
TIBOLONE,143643,100
PANADOL,143643,52
RITUXAN,143643,294
ABATACEPT,143643,125
TRAMADOL HYDROCHLORIDE,143643,106
ATENOLOL,143643,133
CALCIUM,143643,237
BIOTIN,143643,43
ZINC,143643,242
VIMOVO,143643,63
LIPITOR,143643,60
SEREVENT DISKUS,143643,79
CAFFEINE CITRATE,143643,298
OMEPRAZOLE,143643,382
INFLIXIMAB,143643,1095
FLUMETHASONE,143643,148
VOLTAREN,143643,104
CIMZIA,143643,1360
PIPERACILLIN,143643,102
PANTOPRAZOLE SODIUM,143643,275
PRAMIPEXOLE DIHYDROCHLORIDE,143643,67
IRON,143643,97
Flax oil,143643,43
ACETAMINOPHEN\OXYCODONE HYDROCHLORIDE,143643,311
ACETAMINOPHEN AND CODEINE,143643,162
HYDROMORPHONE,143643,100
ESCITALOPRAM,143643,37
ACTIFED (PSEUDOEPHEDRINE HYDROCHLORIDE\TRIPROLIDINE HYDROCHLORIDE),143643,261
NUVIGIL,143643,14
DIPHTHERIA AND TETANUS TOXOIDS AND ACELLULAR PERTUSSIS VACCINE ADSORBED,143643,3
RANITIDINE HYDROCHLORIDE,143643,100
CALCIUM POLYCARBOPHIL,143643,26
POLYSORBATE 20,143643,25
PHENOLPHTHALEIN,143643,242
BUTRANS,143643,148
PIPAMPERONE,143643,14
DIAMOX ER,143643,9
TREXIMET,143643,28
LEFLUNOMIDE,143643,2443
WARFARIN,143643,9
CHLORHEXIDINE GLUCONATE,143643,295
AZATHIOPRINE,143643,418
XARELTO,143643,41
MORPHINE SULFATE,143643,1145
OXCARBAZEPINE,143643,242
CARBAMAZEPINE,143643,1290
HYDROMORPHONE HYDROCHLORIDE,143643,100
MIRALAX,143643,41
HYDROXYZINE HYDROCHLORIDE,143643,28
AMITRIPTYLINE,143643,1321
TALTZ,143643,90
AMIKACIN,143643,153
PSEUDOEPHEDRINE HYDROCHLORIDE,143643,329
QUINAPRIL HYDROCHLORIDE AND HYDROCHLOROTHIAZIDE,143643,51
DEPAKOTE,143643,20
CLONAZEPAM,143643,112
PROPRANOLOL,143643,320
ATORVASTATIN CALCIUM,143643,30
LITHIUM CARBONATE,143643,60
AMBROXOL HYDROCHLORIDE\CLENBUTEROL,143643,49
BOTULINUM TOXIN TYPE A,143643,148
DOXYCYCLINE HYCLATE,143643,131
LEVOMILNACIPRAN,143643,100
METHOTREXATE,143643,1391
NAPROSYN,143643,100
ASPIRIN LYSINE,143643,106
KEVZARA,143643,162
VITAMIN D COMPLEX,143643,36
SUTENT,143643,196
VALIUM,143643,52
ADALIMUMAB,143643,620
AMITRIPTYLINE HYDROCHLORIDE\PERPHENAZINE,143643,589
MENVEO,143643,29
SANDOSTATIN LAR DEPOT,143643,253
OMNARIS,143643,18
CORN,143643,26
AMLODIPINE\TELMISARTAN,143643,125
CODEINE,143643,156
PRAMIPEXOLE,143643,67
VITAMIN D NOS,143643,23
ELBASVIR,143643,63
PREMARIN,143643,301
CABAZITAXEL,143643,35
CLONIDINE,143643,14
GOLD,143643,317
MINERALS\VITAMINS,143643,47
Oracillin,143643,15
NUCALA,143643,102
IXEKIZUMAB,143643,67
ZANAFLEX,143643,28
PREMPRO,143643,66
BUPRENORPHINE HYDROCHLORIDE,143643,100
HERBALS\TURMERIC,143643,14
VITAMIN C,143643,214
DESOXIMETASONE,143643,1678
SAVELLA,143643,14
BISOPROLOL FUMARATE AND HYDROCHLOROTHIAZIDE,143643,67
FAMOTIDINE,143643,41
SANDOSTATIN,143643,3
BIAXIN,143643,21
LAMOTRIGINE,143643,716
CETIRIZINE,143643,247
NPH INSULIN,143643,34
ACEBUTOLOL HYDROCHLORIDE,143643,1000
CINRYZE,143643,21
PAROXETINE HYDROCHLORIDE,143643,67
SALICYLAMIDE,143643,50
ERELZI,143643,313
LOSEC,143643,43
HYDROCORTISONE SODIUM SUCCINATE,143643,63
TETRACYCLINE HYDROCHLORIDE,143643,60
CHLORAPREP ONE-STEP,143643,187
ATOMOXETINE HYDROCHLORIDE,143643,298
ENOXAPARIN SODIUM,143643,52
LENOGRASTIM,143643,130
FUROSEMIDE,143643,702
SODIUM PICOSULFATE,143643,50
PERPHENAZINE,143643,74
MYCOPHENOLATE MOFETIL,143643,482
OCTREOTIDE,143643,100
OLMESARTAN MEDOXOMIL,143643,9
LOSARTAN,143643,38
SULFASALAZINE,143643,2143
TRESIBA,143643,36
ATORVASTATIN,143643,40
ACETAMINOPHEN\CAFFEINE,143643,465
DIMENHYDRINATE,143643,23
METHYLPREDNISOLONE SODIUM SUCCINATE,143643,226
ATROPINE,143643,25
ENDEP,143643,52
FLUOXETINE,143643,12
LANREOTIDE,143643,19
NEORAL,143643,67
PICOLAX (ANHYDROUS CITRIC ACID\MAGNESIUM OXIDE\SODIUM PICOSULFATE),143643,25
HYDROCHLOROTHIAZIDE\QUINAPRIL HYDROCHLORIDE,143643,25
CHLOROQUINE DIPHOSPHATE,143643,67
PAROXETINE,143643,74
THALIDOMIDE,143643,3
STAVZOR,143643,29
AMLODIPINE BESYLATE,143643,371
DOMPERIDONE MALEATE,143643,148
LEVETIRACETAM,143643,63
TRAZODONE,143643,289
AMOXICILLIN,143643,58
RUXOLITINIB,143643,438
BELIMUMAB,143643,245
OXALIPLATIN,143643,5
HYDROCODONE,143643,30
SULFAMETHOXAZOLE AND TRIMETHOPRIM,143643,63
MECLIZINE HYDROCHLORIDE,143643,36
ZANTAC,143643,4
HERBALS\PLANTAGO OVATA LEAF,143643,50
DIOVAN,143643,16
CALCIPOTRIENE,143643,19
MORPHINE,143643,5
SIMPONI,143643,796
LYRICA,143643,221
ATOMOXETINE,143643,49
FLOVIT,143643,20
LANSOPRAZOLE,143643,46
VITAMINS,143643,31
PREDNAZOLINE,143643,66
TESTOSTERONE,143643,29
HYDROCHLOROTHIAZIDE,143643,147
CISPLATIN,143643,14
POTASSIUM SORBATE,143643,98
MABTHERA,143643,5
MOUNJARO,143643,17
METRONIDAZOLE,143643,77
AMINOPHYLLINE\BROMHEXINE\CHLORPHENIRAMINE,143643,25
TEMAZEPAM,143643,103
MIRTAZAPINE,143643,23
CLOBAZAM,143643,352
CETRIMONIUM BROMIDE,143643,63
SYMBICORT,143643,93
AMIODARONE,143643,17
AZATHIOPRINE SODIUM,143643,49
Mag Salt,143643,12
OXYGEN,143643,53
CARVEDILOL,143643,5
VENTOLIN,143643,311
BENEFIX,143643,146
QUININE,143643,50
MITOXANTRONE,143643,70
METHYLPREDNISOLONE,143643,52
PREGABALIN,143643,50
ASPIRIN\DIPYRIDAMOLE,143643,50
CALCIUM ASCORBATE,143643,320
AIMOVIG,143643,148
TOFACITINIB,143643,100
TOFACITINIB CITRATE,143643,501
DILTIAZEM HYDROCHLORIDE,143643,393
MINOCYCLINE HYDROCHLORIDE,143643,83
AMSACRINE,143643,257
PHENOXYBENZAMINE,143643,19
DIPHENHYDRAMINE HYDROCHLORIDE,143643,19
AGGRENOX,143643,221
PIPERACILLIN SODIUM\TAZOBACTAM SODIUM,143643,15
ADDERALL,143643,58
GEODON,143643,6
LISINOPRIL,143643,17
NURTEC ODT,143643,29
LEVOTHYROXINE SODIUM,143643,425
DESVENLAFAXINE,143643,5
CETIRIZINE HYDROCHLORIDE\PSEUDOEPHEDRINE HYDROCHLORIDE,143643,496
OZEMPIC,143643,26
DOCUSATE SODIUM\PHENOLPHTHALEIN,143643,74
BUPRENORPHINE,143643,102
CITALOPRAM,143643,58
NEXIUM,143643,29
XOPENEX,143643,9
DOCUSATE SODIUM,143643,83
LOPRESSOR,143643,3
NOVORAPID,143643,36
BROTIZOLAM,143643,10
IPRATROPIUM BROMIDE AND ALBUTEROL SULFATE,143643,15
PROPAFENONE HYDROCHLORIDE,143643,66
SENNOSIDES,143643,26
OTEZLA,143643,100
CASPOFUNGIN ACETATE,143643,16
ISOPTIN,143643,27
BACLOFEN,143643,68
FLUMETHASONE PIVALATE,143643,148
HYALURONIDASE (HUMAN RECOMBINANT),143643,165
DEPO-MEDROL,143643,201
COENZYME Q10,143643,17
ACETAMINOPHEN\ASPIRIN\CAFFEINE,143643,121
SYNTHROID,143643,88
ACIDOPHILUS,143643,14
ROSUVASTATIN CALCIUM,143643,865
ACETAMINOPHEN\OXYCODONE HYDROCHLORIDE\OXYCODONE TEREPHTHALATE,143643,63
BIO D3 [COLECALCIFEROL],143643,20
CHLORZOXAZONE,143643,28
ALENDRONATE SODIUM,143643,595
LIDOCAINE HYDROCHLORIDE,143643,28
ALLOPURINOL,143643,28
SULFAMETHOXAZOLE,143643,125
ANHYDROUS CITRIC ACID\MAGNESIUM OXIDE\SODIUM PICOSULFATE,143643,26
MAGNESIUM,143643,59
CHONDROITIN SULFATE (BOVINE)\GLUCOSAMINE SULFATE,143643,25
IRON SUCROSE,143643,67
METHYLPHENIDATE HYDROCHLORIDE,143643,28
HYDROCORTISONE ACETATE,143643,249
TADALAFIL,143643,17
FLEXERIL,143643,26
COLCHICINE,143643,18
FLUTICASONE PROPIONATE,143643,5
LANADELUMAB,143643,25
GLUCOSAMINE,143643,673
NASONEX,143643,18
AMBIEN,143643,3
ALPRAZOLAM,143643,67
SERTRALINE HYDROCHLORIDE,143643,68
FLECAINIDE,143643,73
TACROLIMUS,143643,38
CIPROFLOXACIN,143643,314
BENZTROPINE MESYLATE,143643,7
ACCUPRIL,143643,226
ALENDRONATE SODIUM\CHOLECALCIFEROL,143643,100
CORTISONE,143643,104
OXYCONTIN,143643,22
BISACODYL,143643,100
VERAPAMIL HYDROCHLORIDE,143643,53
KLOR-CON,143643,7
CLIOQUINOL\FLUMETHASONE PIVALATE,143643,63
FENTANYL CITRATE,143643,28
MEGESTROL [MEGESTROL ACETATE],143643,28
GEMCITABINE,143643,4
MIRENA,143643,14
FRUCTOSE\GLYCERIN\SODIUM CHLORIDE,143643,145
ADVAIR HFA,143643,65
BISOPROLOL,143643,89
DICLOFENAC,143643,316
JARDIANCE,143643,46
AMERGE,143643,9
CALCIUM MONOETHYLFUMARATE\DIMETHYL FUMARATE\MAGNESIUM MONOETHYLFUMARATE\ZINC MONOETHYLFUMARATE,143643,10
PLANTAGO SEED\SENNOSIDES,143643,25
CURCUMIN,143643,73
THYMOCYTE IMMUNE GLOBULIN NOS,143643,67
PROTONIX,143643,30
DEXAMETHASONE,143643,112
ALTACE,143643,66
SIRUKUMAB,143643,49
ALBUTEROL SULFATE\AMBROXOL HYDROCHLORIDE\GUAIFENESIN,143643,26
MELATONIN,143643,22
ZYRTEC,143643,25
PRIMIDONE,143643,6
ICATIBANT ACETATE,143643,11
DIAZEPAM,143643,489
GALANTAMINE HYDROBROMIDE,143643,194
QUINAPRIL HYDROCHLORIDE,143643,433
ATIVAN,143643,63
WELLBUTRIN XL,143643,6
PROVIGIL,143643,10
ISPAGHULA EXTRACT\PSYLLIUM,143643,26
QUINAPRIL,143643,393
TREOSULFAN,143643,39
LASIX,143643,29
ASPARAGINASE,143643,3
ASCORBIC ACID,143643,26
JANUVIA,143643,91
FERROUS SULFATE,143643,17
FLUDARABINE,143643,463
ENTRESTO,143643,17
DENOSUMAB,143643,10
PRAZOSIN HYDROCHLORIDE,143643,29
SITAGLIPTIN PHOSPHATE,143643,7
AZELASTINE,143643,17
EPIPEN,143643,28
AVENTYL,143643,23
LIDODERM,143643,28
SEPTRA,143643,63
AMILORIDE [AMILORIDE HYDROCHLORIDE],143643,9
DILTIAZEM,143643,275
ETANERCEPT,143643,10
METOPROLOL TARTRATE,143643,55
THYMOGLOBULIN,143643,35
MAGNESIUM CHLORIDE,143643,26
EXELON,143643,35
NITROGLYCERIN,143643,1183
NITROFURANTOIN,143643,39
TIKOSYN,143643,19
SENNOSIDES A AND B,143643,73
FISH OIL,143643,162
VALACYCLOVIR HYDROCHLORIDE,143643,52
MAGNESIUM HYDROXIDE,143643,610
POLYSORBATE 85,143643,194
TOPROL XL,143643,14
SODIUM CHLORATE,143643,11
EPINEPHRINE,143643,30
PSYLLIUM HUSK,143643,26
MARVELON,143643,63
GLUCOSAMINE SULFATE,143643,529
PAPAVERINE,143643,25
HYDROCODONE BITARTRATE AND ACETAMINOPHEN,143643,11
ACYCLOVIR,143643,41
HYDROQUINONE,143643,27
SEROQUEL,143643,46
ESOMEPRAZOLE SODIUM,143643,14
METOPROLOL SUCCINATE,143643,45
EMGALITY,143643,29
CLOPIDOGREL,143643,8
RUCONEST,143643,11
MOMETASONE,143643,19
CORTICOSTEROID NOS,143643,10
BUSPIRONE HYDROCHLORIDE,143643,9
CEFTAZIDIME,143643,102
MONTELUKAST,143643,31
PERSANTINE,143643,533
IMIPENEM,143643,155
TICAGRELOR,143643,13
QUETIAPINE,143643,24
CALCIUM CHLORIDE\MAGNESIUM CHLORIDE\MALIC ACID\POTASSIUM CHLORIDE\SODIUM ACETATE\SODIUM CHLORIDE,143643,15
INDERAL LA,143643,23
AMOXIL [AMOXICILLIN SODIUM],143643,11
AMOXIL,143643,37
LAPINE T-LYMPHOCYTE IMMUNE GLOBULIN,143643,148
VINCRISTINE,143643,70
HYDROCHLOROTHIAZIDE\VALSARTAN,143643,14
NORMODYNE,143643,4
PHENERGAN,143643,17
DULCOLAX (BISACODYL),143643,99
ASCORBIC ACID\CRANBERRY,143643,26
NOREPINEPHRINE BITARTRATE,143643,15
PHENTERMINE,143643,52
FLONASE,143643,4
CAFFEINE,143643,56
ZOLOFT,143643,8
ALCOHOL,143643,16
CAPECITABINE,143643,25
ZOLPIDEM,143643,7
DIACEREIN,143643,53
PROLIA,143643,10
PIPERACILLIN AND TAZOBACTAM,143643,278
TRIHEXYPHENIDYL HYDROCHLORIDE,143643,66
FLUCONAZOLE,143643,10
ALFACALCIDOL,143643,63
MONTELUKAST SODIUM,143643,8
DANAZOL,143643,3
TORSEMIDE,143643,17
EPTIFIBATIDE,143643,12
ALEMTUZUMAB,143643,205
BUMETANIDE,143643,17
FLUTICASONE,143643,17
POLYETHYLENE GLYCOL 3350,143643,14
SENOKOT,143643,11
PROCHLORPERAZINE MALEATE,143643,17
ISOPROPYL ALCOHOL,143643,63
PROMETHAZINE HYDROCHLORIDE,143643,28
LORAZEPAM,143643,30
METOCLOPRAMIDE,143643,23
ALBUTEROL,143643,738
VENLAFAXINE,143643,31
STRENSIQ,143643,25
FLONASE ALLERGY RELIEF,143643,4
ACETAMINOSALOL\ASPIRIN\CAFFEINE,143643,98
AZITHROMYCIN,143643,3
THIOTEPA,143643,39
HERBALS\PLANTAGO INDICA WHOLE,143643,26
EVEROLIMUS,143643,8
GANCICLOVIR,143643,8
LATUDA,143643,32
GLYCERIN,143643,218
CONCERTA,143643,4
SODIUM BICARBONATE,143643,12
ROPINIROLE,143643,28
CARBIDOPA\LEVODOPA,143643,23
POLYSORBATE 80,143643,25
FARXIGA,143643,17
CEFOTAXIME,143643,4
METROGEL,143643,17
OMEGA-3-ACID ETHYL ESTERS,143643,29
CELLCEPT,143643,5
NORCO,143643,28
SPIRONOLACTONE,143643,19
HUMAN IMMUNOGLOBULIN G,143643,12
HYDROCODONE BITARTRATE,143643,4
B12,143643,26
ALVESCO,143643,35
VYVANSE,143643,5
LOXAPINE,143643,10
TRIAMCINOLONE,143643,49
FLUOROURACIL,143643,18
AMOXICILLIN\CLAVULANATE POTASSIUM,143643,155
LOMOTIL,143643,17
METAXALONE,143643,33
MAGNESIUM ALUMINUM SILICATE,143643,433
METOPROLOL,143643,11
AMITRIPTYLINE HYDROCHLORIDE,143643,685
DIGOXIN,143643,3
VITAMINS NOS,143643,16
COLACE,143643,11
CYMBALTA,143643,39
SITAGLIPTIN,143643,6
TETRACYCLINE,143643,14
GALANTAMINE,143643,171
HERBALS,143643,457
VEDOLIZUMAB,143643,67
DIPHENHYDRAMINE,143643,16
RYBELSUS,143643,17
EXCEDRIN MIGRAINE,143643,5
LABETALOL,143643,4
LACTULOSE,143643,435
TIOTROPIUM BROMIDE MONOHYDRATE,143643,385
ZYPREXA ZYDIS,143643,4
ZITHROMAX,143643,47
ACETYLCYSTEINE,143643,14
VALPROIC ACID,143643,7
NEOTIGASON,143643,19
GINGER,143643,14
NEURONTIN,143643,3
TYSABRI,143643,24
ALUMINUM HYDROXIDE\MAGNESIUM HYDROXIDE,143643,26
COLLAGEN,143643,43
AMINOPHYLLINE,143643,25
Salofalk,143643,4
HYDROCHLOROTHIAZIDE\LISINOPRIL,143643,31
CORLANOR,143643,14
DULERA,143643,17
COTRIMOXAZOLE,143643,6
AMOXICILLIN SODIUM,143643,89
IODINE,143643,6
METAMUCIL,143643,10
TERBINAFINE,143643,13
DEXEDRINE,143643,9
OXYMETAZOLINE HYDROCHLORIDE\PREDNISOLONE SODIUM PHOSPHATE,143643,14
METHYLDOPA,143643,6
LORZONE,143643,5
EX-LAX REGULAR STRENGTH STIMULANT LAXATIVE,143643,26
EBASTINE,143643,27
GONADORELIN,143643,18
POLYETHYLENE GLYCOL,143643,27
BICALUTAMIDE,143643,35
TAMBOCOR CR,143643,5
VERAMYST,143643,3
SODIUM ALGINATE,143643,25
PROAIR HFA,143643,28
ZYPREXA,143643,10
NELVUTAMIG,143643,4
CUVITRU,143643,4
ARMODAFINIL,143643,6
MESALAMINE,143643,4
CEFTRIAXONE SODIUM,143643,15
POSACONAZOLE,143643,5
IPRATROPIUM,143643,3
SOLIRIS,143643,70
DAUNORUBICIN,143643,3
CRANBERRY,143643,829
SALMETEROL XINAFOATE,143643,131
ONEALFA,143643,5
CALCIUM LACTATE,143643,5
FLAXSEED,143643,17
PROZAC,143643,6
METHAMPHETAMINE,143643,7
REVLIMID,143643,17
ALOE VERA LEAF,143643,14
CLINDAMYCIN,143643,15
YASMIN,143643,3
PHOSPHORIC ACID,143643,26
PREDONINE,143643,3
ALPHA LIPOIC ACID,143643,14
ZENHALE,143643,25
RISPERDAL,143643,107
BECLOMETHASONE,143643,13
HYQVIA,143643,9
LOSARTAN POTASSIUM,143643,14
PEPCID AC,143643,14
FERRIC CARBOXYMALTOSE,143643,5
DIPHTHERIA AND TETANUS TOXOIDS AND PERTUSSIS VACCINE,143643,10
PROPRANOLOL HYDROCHLORIDE,143643,17
XANAX,143643,29
SODIUM CHLORIDE,143643,20
HYDROXOCOBALAMIN,143643,4
CHLORTHALIDONE,143643,14
LATANOPROST,143643,14
POTASSIUM,143643,9
VENTOLIN HFA,143643,5
DULOXETINE HYDROCHLORIDE,143643,6
TRASTUZUMAB,143643,7
METHIMAZOLE,143643,5
BREO ELLIPTA,143643,17
VIIBRYD,143643,4
CINNAMON [CINNAMOMUM VERUM],143643,6
LITHIUM,143643,23
PEPCID,143643,9
STERILE WATER,143643,11
DEXLANSOPRAZOLE,143643,4
PLACEBO,143643,7
NINTEDANIB,143643,8
CELIPROLOL,143643,2
KALBITOR,143643,9
BETAMETHASONE DIPROPIONATE,143643,3
IMURAN,143643,11
LIDOCAINE,143643,9
DUONEB,143643,3
PENTASA,143643,7
ERYTHROMYCIN,143643,9
TYLENOL ARTHRITIS PAIN,143643,5
INSULIN HUMAN,143643,6
AGALSIDASE BETA,143643,13
EPIRUBICIN HYDROCHLORIDE,143643,7
ACETAMINOPHEN\HYDROCODONE,143643,3
"PRENATAL VITAMINS, W-CA, FE,FA",143643,2
FAT EMULSION NOS,143643,9
DAILY CHILDRENS VITAMINS,143643,6
FINASTERIDE,143643,5
GLIVEC,143643,5
VERAPAMIL,143643,6
VERAPAMIL HCL,143643,5
BCG VACCINE,143643,70
HYDROXYUREA,143643,3
FLUDARABINE PHOSPHATE,143643,3
BASILIXIMAB,143643,9
MINOCYCLINE,143643,70
PONATINIB,143643,9
RISPERDAL CONSTA,143643,19
PERCOCET,143643,4
"SODIUM PHOSPHATE, DIBASIC\SODIUM PHOSPHATE, MONOBASIC",143643,5
VALPROATE SODIUM,143643,7
BOTOX,143643,4
TEMOZOLOMIDE,143643,3
BENZTROPINE,143643,13
DUPILUMAB vs Placebo,143643,3
CANCIDAS,143643,7
MISOPROSTOL,143643,3
TREMIN,143643,27
DULOXETINE,143643,12
ZOCOR,143643,27
VFEND,143643,10
TRELEGY ELLIPTA,143643,3
OXYCODONE AND ACETAMINOPHEN,143643,4
CLARITIN,143643,10
TOPAMAX,143643,5
VINCRISTINE SULFATE,143643,3
ONDANSETRON,143643,10
RITALIN,143643,3
BEVACIZUMAB,143643,6
CRESEMBA,143643,3
QUETIAPINE FUMARATE,143643,4
TASIGNA,143643,21
ARIPIPRAZOLE,143643,34
ABILIFY,143643,7
VITAMIN K,143643,5
BYDUREON,143643,5
FLUTICASONE FUROATE\VILANTEROL TRIFENATATE,143643,3
QVAR,143643,3
MYCOPHENOLIC ACID,143643,5
TOPOTECAN,143643,2
AMPHOTERICIN B,143643,5
ZIPRASIDONE,143643,4
FLUARIX NOS,143643,4
OXYCODONE HYDROCHLORIDE,143643,7
CEFEPIME,143643,3
MODAFINIL,143643,5
IMIPENEM AND CILASTATIN,143643,3
ALLEGRA-D,143643,3
INDOMETHACIN,143643,4
SUMATRIPTAN SUCCINATE,143643,3
OLANZAPINE,143643,25
DIVALPROEX SODIUM,143643,4
METHYLPHENIDATE,143643,5
BUSULFAN,143643,3
RISPERIDONE,143643,22
ASENAPINE,143643,7
ALLEGRA,143643,3
ALEVE,143643,5
BUSPIRONE,143643,3
KUVAN,143643,2
CASPOFUNGIN,143643,2
VARITHENA,143643,2
CYTOGAM,143643,4
MEROPENEM,143643,3
NOXAFIL,143643,2
BISOPROLOL FUMARATE,143643,3
DOXAZOSIN,143643,2
ISAVUCONAZOLE,143643,3
INSULIN NOS,143643,2
HYDROCORTONE,143643,3
SOTALOL HYDROCHLORIDE,143643,3
FUNGIZONE,143643,5
LINEZOLID,143643,2
GRANULOCYTE COLONY-STIMULATING FACTOR NOS,143643,2
BRENTUXIMAB VEDOTIN,143643,3
